<?xml version="1.0" encoding="UTF-8"?>
<config xmlns="http://www.knime.org/2008/09/XMLConfig" xmlns:xsi="http://www.w3.org/2001/XMLSchema-instance" xsi:schemaLocation="http://www.knime.org/2008/09/XMLConfig http://www.knime.org/XMLConfig_2008_09.xsd" key="model.xml">
<entry key="version" type="xint" value="1"/>
<entry key="class_name" type="xstring" value="org.knime.base.data.normalize.NormalizerPortObject"/>
<config key="model">
<config key="columns">
<config key="delay_in_seconds">
<entry key="column_name" type="xstring" value="delay_in_seconds"/>
<entry key="column_scale" type="xdouble" value="1.5236237868145597E-5"/>
<entry key="column_translate" type="xdouble" value="0.0"/>
<entry key="column_min" type="xdouble" value="0.0"/>
<entry key="column_max" type="xdouble" value="1.0"/>
</config>
<config key="avg_temperature">
<entry key="column_name" type="xstring" value="avg_temperature"/>
<entry key="column_scale" type="xdouble" value="0.030303030303030304"/>
<entry key="column_translate" type="xdouble" value="-0.030303030303030304"/>
<entry key="column_min" type="xdouble" value="0.0"/>
<entry key="column_max" type="xdouble" value="1.0"/>
</config>
<config key="avg_atm_pressure">
<entry key="column_name" type="xstring" value="avg_atm_pressure"/>
<entry key="column_scale" type="xdouble" value="0.023255813953488372"/>
<entry key="column_translate" type="xdouble" value="-23.023255813953487"/>
<entry key="column_min" type="xdouble" value="0.0"/>
<entry key="column_max" type="xdouble" value="1.0"/>
</config>
<config key="avg_humidity">
<entry key="column_name" type="xstring" value="avg_humidity"/>
<entry key="column_scale" type="xdouble" value="0.012345679012345678"/>
<entry key="column_translate" type="xdouble" value="-0.2345679012345679"/>
<entry key="column_min" type="xdouble" value="0.0"/>
<entry key="column_max" type="xdouble" value="1.0"/>
</config>
<config key="avg_wind_speed">
<entry key="column_name" type="xstring" value="avg_wind_speed"/>
<entry key="column_scale" type="xdouble" value="0.07142857142857142"/>
<entry key="column_translate" type="xdouble" value="0.0"/>
<entry key="column_min" type="xdouble" value="0.0"/>
<entry key="column_max" type="xdouble" value="1.0"/>
</config>
<config key="avg_precipitation">
<entry key="column_name" type="xstring" value="avg_precipitation"/>
<entry key="column_scale" type="xdouble" value="0.2"/>
<entry key="column_translate" type="xdouble" value="0.0"/>
<entry key="column_min" type="xdouble" value="0.0"/>
<entry key="column_max" type="xdouble" value="1.0"/>
</config>
<config key="Hora">
<entry key="column_name" type="xstring" value="Hora"/>
<entry key="column_scale" type="xdouble" value="0.043478260869565216"/>
<entry key="column_translate" type="xdouble" value="0.0"/>
<entry key="column_min" type="xdouble" value="0.0"/>
<entry key="column_max" type="xdouble" value="1.0"/>
</config>
<config key="Week">
<entry key="column_name" type="xstring" value="Week"/>
<entry key="column_scale" type="xdouble" value="0.0196078431372549"/>
<entry key="column_translate" type="xdouble" value="-0.0196078431372549"/>
<entry key="column_min" type="xdouble" value="0.0"/>
<entry key="column_max" type="xdouble" value="1.0"/>
</config>
<config key="NRROADS">
<entry key="column_name" type="xstring" value="NRROADS"/>
<entry key="column_scale" type="xdouble" value="0.011904761904761904"/>
<entry key="column_translate" type="xdouble" value="0.0"/>
<entry key="column_min" type="xdouble" value="0.0"/>
<entry key="column_max" type="xdouble" value="1.0"/>
</config>
</config>
<entry key="summary" type="xstring" value="Min/Max (0.0, 1) normalization on 9 column(s)"/>
</config>
</config>
