<?xml version="1.0" encoding="UTF-8"?>
<config xmlns="http://www.knime.org/2008/09/XMLConfig" xmlns:xsi="http://www.w3.org/2001/XMLSchema-instance" xsi:schemaLocation="http://www.knime.org/2008/09/XMLConfig http://www.knime.org/XMLConfig_2008_09.xsd" key="MiningSchema">
<config key="learning">
<entry key="array-size" type="xint" value="31"/>
<entry key="0" type="xstring" value="school"/>
<entry key="1" type="xstring" value="sex"/>
<entry key="2" type="xstring" value="age"/>
<entry key="3" type="xstring" value="address"/>
<entry key="4" type="xstring" value="famsize"/>
<entry key="5" type="xstring" value="Pstatus"/>
<entry key="6" type="xstring" value="Medu"/>
<entry key="7" type="xstring" value="Fedu"/>
<entry key="8" type="xstring" value="Mjob"/>
<entry key="9" type="xstring" value="Fjob"/>
<entry key="10" type="xstring" value="reason"/>
<entry key="11" type="xstring" value="guardian"/>
<entry key="12" type="xstring" value="traveltime"/>
<entry key="13" type="xstring" value="studytime"/>
<entry key="14" type="xstring" value="failures"/>
<entry key="15" type="xstring" value="schoolsup"/>
<entry key="16" type="xstring" value="famsup"/>
<entry key="17" type="xstring" value="paid"/>
<entry key="18" type="xstring" value="activities"/>
<entry key="19" type="xstring" value="nursery"/>
<entry key="20" type="xstring" value="higher"/>
<entry key="21" type="xstring" value="internet"/>
<entry key="22" type="xstring" value="romantic"/>
<entry key="23" type="xstring" value="famrel"/>
<entry key="24" type="xstring" value="freetime"/>
<entry key="25" type="xstring" value="goout"/>
<entry key="26" type="xstring" value="Dalc"/>
<entry key="27" type="xstring" value="Walc"/>
<entry key="28" type="xstring" value="health"/>
<entry key="29" type="xstring" value="absences"/>
<entry key="30" type="xstring" value="Mean"/>
</config>
<config key="target">
<entry key="array-size" type="xint" value="1"/>
<entry key="0" type="xstring" value="Mean- G/B"/>
</config>
</config>
