<?xml version="1.0" encoding="UTF-8"?>
<config xmlns="http://www.knime.org/2008/09/XMLConfig" xmlns:xsi="http://www.w3.org/2001/XMLSchema-instance" xsi:schemaLocation="http://www.knime.org/2008/09/XMLConfig http://www.knime.org/XMLConfig_2008_09.xsd" key="MiningSchema">
<config key="learning">
<entry key="array-size" type="xint" value="14"/>
<entry key="0" type="xstring" value="city_name"/>
<entry key="1" type="xstring" value="magnitude_of_delay"/>
<entry key="2" type="xstring" value="delay_in_seconds"/>
<entry key="3" type="xstring" value="luminosity"/>
<entry key="4" type="xstring" value="avg_temperature"/>
<entry key="5" type="xstring" value="avg_atm_pressure"/>
<entry key="6" type="xstring" value="avg_humidity"/>
<entry key="7" type="xstring" value="avg_wind_speed"/>
<entry key="8" type="xstring" value="avg_precipitation"/>
<entry key="9" type="xstring" value="avg_rain"/>
<entry key="10" type="xstring" value="Month (name)"/>
<entry key="11" type="xstring" value="Day of month"/>
<entry key="12" type="xstring" value="Day of week (name)"/>
<entry key="13" type="xstring" value="Hour"/>
</config>
<config key="target">
<entry key="array-size" type="xint" value="1"/>
<entry key="0" type="xstring" value="accidents"/>
</config>
</config>
